<?xml version="1.0" encoding="UTF-8"?>
<project-private xmlns="http://www.netbeans.org/ns/project-private/1">
    <editor-bookmarks xmlns="http://www.netbeans.org/ns/editor-bookmarks/2" lastBookmarkId="0"/>
    <open-files xmlns="http://www.netbeans.org/ns/projectui-open-files/2">
        <group>
            <file>file:/C:/Users/wei.lin/Desktop/teste/Aula/Aula-Java/Aula%20003%20Logica%20de%20Programacao%20conceito%20de%20algoritmo%20algoritmos%20estruturados/Authentic4/src/authentic4/Dados.java</file>
            <file>file:/C:/Users/wei.lin/Desktop/teste/Aula/Aula-Java/Aula%20003%20Logica%20de%20Programacao%20conceito%20de%20algoritmo%20algoritmos%20estruturados/Authentic4/src/authentic4/verify.java</file>
            <file>file:/C:/Users/wei.lin/Desktop/teste/Aula/Aula-Java/Aula%20003%20Logica%20de%20Programacao%20conceito%20de%20algoritmo%20algoritmos%20estruturados/Authentic4/src/authentic4/Cadastro.java</file>
            <file>file:/C:/Users/wei.lin/Desktop/teste/Aula/Aula-Java/Aula%20003%20Logica%20de%20Programacao%20conceito%20de%20algoritmo%20algoritmos%20estruturados/Authentic4/src/authentic4/TelaPrincipal.java</file>
        </group>
    </open-files>
</project-private>
